1558	58	it is spooky and subtly in love with myth	3
892	33	the first computer-generated feature cartoon	2
1304	48	point	2
252	9	does n't	1
440	16	hard to be mythic	1
924	34	very little sense	1
1140	42	is right at home in this French shocker playing his usual bad boy weirdo role	3
1701	63	other than their funny accents	2
329	12	be in a martial-arts flick	2
1493	54	a bygone era , and its convolutions	2
534	19	Wild	3
685	24	the film	2
1941	72	Scherfig	2
388	14	can	2
778	28	Wilde 's wit and	3
104	3	have a hard time sitting through this one	0
1991	75	vignettes	2
1796	66	PG-13 rating	2
1496	54	a bygone era	2
888	33	Ice	2
468	17	the woman	2
288	11	one considers cliched dialogue and perverse escapism a source of high hilarity	2
376	14	about the ways in which extravagant chance can distort our perspective and throw us off the path of good sense	2
1562	58	spooky and	2
1908	70	struggle furiously with their fears and foibles	2
386	14	chance	2
1584	59	swaying back and forth as it cradles its characters , veiling tension beneath otherwise tender movements	3
1225	46	Less the sensational true-crime hell-jaunt purists might like and more experimental in its storytelling -LRB- though no less horrifying for it -RRB- .	3
203	7	Trouble Every Day	2
1483	54	Comes	2
1347	50	for prevention rather than to place blame	2
1378	51	to detailing a chapter in the life of the celebrated Irish playwright , poet and drinker	2
1264	47	satisfying	4
412	15	like Moonlight Mile , better judgment be damned	2
762	28	does n't give us a reason to be in the theater beyond Wilde 's wit and the actors ' performances .	2
958	35	of his first film , The Full Monty ,	1
240	8	from Bartlett 's Familiar Quotations	2
173	6	nearly epic	4
1109	41	has some freakish powers of visual charm	3
1886	70	very funny romantic comedy	3
41	1	some	2
616	22	movie 's	2
868	32	aims for poetry and ends up sounding like satire	1
910	33	for some glacial pacing	2
863	32	self-indulgent script	2
1754	65	fun	4
1058	39	judge this one	2
1766	66	endless assault	0
967	35	Monty	2
871	32	aims	2
1136	42	Vincent Gallo	2
309	12	Kung	2
1997	75	are still looking for a common through-line	1
353	13	The performances are an absolute joy .	4
1856	69	stoner midnight flick , sci-fi deconstruction ,	2
1693	63	generic	1
1534	57	for your lives	2
702	25	finish	2
977	36	the unnamed , easily substitutable forces	1
1610	60	Transforms one of -LRB- Shakespeare 's -RRB- deepest tragedies into a smart new comedy	3
1927	71	ambition	3
644	23	a frothing ex-girlfriend	2
70	2	, introspective and entertaining	3
1278	47	shell games	2
919	34	There 's very little sense to what 's going on here , but	1
845	31	run-of-the-mill action	1
1743	65	cinematic distractions	2
897	33	feature cartoon	2
843	31	than a run-of-the-mill action	2
431	16	baseball movies that try too hard to be mythic	0
936	34	serve up	2
1142	42	right at home in this French shocker	3
805	29	Arthur Schnitzler 's Reigen	3
1604	59	otherwise tender movements	2
1312	49	tackled	2
920	34	There 's very little sense to what 's going on here ,	0
1739	65	the gratuitous cinematic distractions impressed upon it	2
193	6	character	2
932	34	the makers serve up the cliches with considerable dash	2
1336	50	Sunday	2
1931	71	about its subjects	2
32	1	good for the gander , some of which occasionally amuses but none of which amounts to much of a story	2
1298	48	, I do n't see the point	1
1768	66	assault	1
1287	48	the filmmaker would disagree , but , honestly , I do n't see the point	1
1667	62	particularly dark	2
570	22	Hatfield and	2
1449	53	Thanks largely to Williams , all the interesting developments are processed in 60 minutes	3
1879	69	as sanguine	2
488	18	Wong	2
399	14	us	3
1816	67	gets under the skin of a man we only know as an evil , monstrous lunatic	1
1605	59	otherwise	2
917	34	There 's very little sense to what 's going on here , but the makers serve up the cliches with considerable dash .	2
829	30	those	2
487	18	Wong 's In the Mood for Love -- very much a Hong Kong movie despite its mainland setting .	2
296	11	dialogue	2
1854	69	stoner midnight flick , sci-fi deconstruction , gay fantasia --	2
1462	53	developments	2
286	11	unless one considers cliched dialogue and perverse escapism a source of high hilarity	1
1620	60	deepest tragedies	1
1415	52	Miramax 's deep shelves	2
1957	72	the characters '	2
99	3	I	2
1152	42	shocker	2
1820	67	the skin of a man we only know as an evil , monstrous lunatic	2
612	22	from all the movie 's political ramifications	2
1155	42	his usual bad boy weirdo role	2
904	33	other movies	2
1549	58	is as kooky and overeager as it is spooky and subtly in love with myth .	2
1473	53	is just	2
646	23	frothing	1
1290	48	the filmmaker would disagree ,	2
1484	54	across	2
365	14	Fresnadillo	2
1713	63	are poorly	1
263	10	could	2
1403	52	coming down off of Miramax 's deep shelves after a couple of aborted attempts , Waking Up in Reno makes a strong case for letting sleeping dogs lie .	1
1128	41	the modern rut	1
1352	50	to place blame	1
1022	37	amusing us	3
1524	56	Both lead performances	2
1463	53	are processed in 60 minutes	2
681	24	how	2
1499	54	era	2
272	11	There 's little to recommend Snow Dogs , unless one considers cliched dialogue and perverse escapism a source of high hilarity .	1
1517	55	to call the film ` refreshing	3
971	36	They 're the unnamed , easily substitutable forces that serve as whatever terror the heroes of horror movies try to avoid .	1
249	9	it does n't leave you with much .	1
930	34	going on	2
879	32	sounding	3
925	34	very little	2
150	4	or	2
141	4	deceit	1
1065	39	it 's a dark , gritty story	2
248	9	But it does n't leave you with much .	1
436	16	try too hard to be mythic	1
1477	53	overexposed	1
269	10	same reason	2
1063	39	it 's a dark , gritty story but it takes off in totally unexpected directions and keeps on going	2
1037	38	gives	2
1017	37	in entertaining itself	2
839	30	rather	2
111	3	sitting through this one	1
604	22	a case study	2
95	3	, I suspect , would have a hard time sitting through this one .	1
823	30	well-constructed	3
1844	68	a drive-by	2
517	19	As inept as big-screen remakes of The Avengers and The Wild Wild West .	1
1841	68	's like a drive-by .	2
1402	52	Finally	2
1199	44	This 100-minute movie only has about 25 minutes of decent material .	1
1967	73	-LRB- An -RRB- absorbing documentary	3
1870	69	above all	3
850	32	Hampered -- no , paralyzed -- by a self-indulgent script ... that aims for poetry and ends up sounding like satire	1
1613	60	Transforms	2
715	26	pedigree , mongrel pep	2
1673	62	it offers flickering reminders of the ties that bind us .	2
992	36	terror	1
1443	52	sleeping dogs	2
1996	75	that are still looking for a common through-line	2
832	30	's inoffensive and actually rather sweet	3
649	24	That the Chuck Norris `` grenade gag ''	2
1427	52	aborted attempts	1
1745	65	impressed upon it	2
1293	48	filmmaker	2
945	35	Cattaneo should have followed the runaway success of his first film , The Full Monty , with something different .	2
547	20	expect --	2
342	12	the dreams of youth	3
282	11	recommend	3
626	23	going to a house party	2
672	24	during	2
659	24	gag ''	2
1789	66	garner	2
1438	52	strong	3
880	32	like satire	2
1053	39	Do n't judge this one too soon -	2
792	29	vapid actor 's exercise	1
1686	62	bind	2
858	32	no	1
54	1	amounts to much of a story	2
730	27	clearly means to	2
995	36	the heroes	2
1761	66	is the script 's endless assault of embarrassingly ham-fisted sex jokes	0
1257	46	-RRB-	3
855	32	-- no , paralyzed --	2
1439	52	for letting sleeping dogs lie	2
816	30	More vaudeville	2
996	36	heroes	3
1009	37	if the movie is more interested in entertaining itself than in amusing us	1
1445	52	lie	1
1366	50	ever made	2
550	20	nothing	1
1624	60	a smart new comedy	4
707	26	with an impeccable pedigree , mongrel pep , and almost indecipherable plot complications	2
1237	46	might like and more experimental in its storytelling	3
1	1	A series of escapades demonstrating the adage that what is good for the goose is also good for the gander , some of which occasionally amuses but none of which amounts to much of a story .	1
899	33	cartoon	2
346	12	youth	2
828	30	those terms	2
162	5	self-glorification	2
217	8	of Being Earnest , so thick with wit it plays like a reading from Bartlett 's Familiar Quotations	2
1148	42	in this French shocker	2
684	24	serious-minded	2
1433	52	in Reno	2
549	20	but nothing	2
1228	46	the sensational true-crime hell-jaunt purists might like and more experimental in its storytelling	3
1094	40	romantics	3
1426	52	of aborted attempts	1
1467	53	60 minutes	2
735	27	preach exclusively to the converted	2
1757	66	Downright	2
1700	63	other than their funny accents -RRB-	2
328	12	to be in a martial-arts flick	2
1305	49	Jones has tackled a meaty subject and drawn engaging characters while peppering the pages with memorable zingers .	4
1689	63	Its generic villains lack any intrigue -LRB- other than their funny accents -RRB- and	0
87	3	of Ismail Merchant 's work	2
81	2	seeking	2
1294	48	would disagree	2
302	11	source	2
614	22	the movie 's political ramifications	2
1749	65	, is still good fun .	3
998	36	horror movies	2
1338	50	has the grace to call for prevention rather than to place blame , making it one of the best war movies ever made	4
1004	37	almost feels as if the movie is more interested in entertaining itself than in amusing us .	0
975	36	're	2
706	26	arrives	2
633	23	watching the host defend himself against a frothing ex-girlfriend	2
1219	45	you still have that option .	2
988	36	as whatever terror the heroes of horror movies try to avoid	2
1735	65	The film , despite the gratuitous cinematic distractions impressed upon it , is still good fun .	3
1408	52	coming down off of Miramax 's deep shelves after a couple of aborted attempts	2
635	23	the host defend himself against a frothing ex-girlfriend	2
1099	40	date	2
1965	72	roll	2
1050	38	error	1
33	1	for the gander , some of which occasionally amuses but none of which amounts to much of a story	2
1678	62	flickering reminders	2
1590	59	forth	2
1895	70	New York middle-agers	2
572	22	Hicks	2
454	16	modest	3
1792	66	`` cooler '' PG-13 rating	2
747	28	of Being Earnest	2
1563	58	spooky	2
1723	64	thought through than in most ` right-thinking ' films	3
1645	61	Peter	2
12	1	demonstrating	2
1197	43	nerve-rattling	2
677	24	good indication	3
1871	69	above	2
663	24	occurs about 7 times during Windtalkers is a good indication of how serious-minded the film is	3
703	26	It arrives with an impeccable pedigree , mongrel pep , and almost indecipherable plot complications .	2
1814	67	:	2
1411	52	coming	2
1209	44	about 25	2
277	11	's little to recommend Snow Dogs	1
476	18	a less dizzily gorgeous companion to Mr.	2
434	16	movies	2
1351	50	rather than	2
1156	42	usual bad boy weirdo role	2
1326	49	peppering	2
1773	66	ham-fisted	1
1441	52	letting	2
125	4	combination	2
1826	67	man	2
908	33	makes for some glacial pacing	1
195	6	undergoing	2
294	11	cliched dialogue	1
1940	72	Scherfig -RRB-	2
1164	42	role	2
504	18	a Hong Kong movie	2
483	18	gorgeous	3
244	8	Bartlett	2
1641	61	Horton	2
1303	48	the point	2
1633	61	James Eric , James Horton and director Peter O'Fallon	2
1530	56	Oscar-size	2
811	30	More vaudeville show than well-constructed narrative , but on those terms it 's inoffensive and actually rather sweet .	2
360	13	an	2
1968	73	-LRB- An -RRB-	2
91	3	Merchant 's	2
806	29	Arthur Schnitzler 's	2
1171	43	primary goal	2
1374	51	clunky TV-movie	1
1023	37	amusing	4
1213	44	decent material	3
894	33	first	2
1593	59	cradles its characters , veiling tension beneath otherwise tender movements	3
1348	50	for prevention rather than	2
1391	51	celebrated	3
1051	39	Do n't judge this one too soon - it 's a dark , gritty story but it takes off in totally unexpected directions and keeps on going .	3
905	33	other	2
447	16	is a sweet and modest and ultimately winning story	3
1823	67	of a man we only know as an evil , monstrous lunatic	1
1249	46	though no less horrifying for it -RRB-	2
797	29	exercise	2
152	4	juicy soap opera	3
1214	44	decent	3
578	22	of couples	2
1226	46	the sensational true-crime hell-jaunt purists might like and more experimental in its storytelling -LRB- though no less horrifying for it -RRB- .	3
1684	62	that bind us	2
1648	61	is so pat it makes your teeth hurt .	1
533	19	Wild Wild West	2
1195	43	shiver-inducing	3
395	14	perspective	2
1097	40	on a date	2
1542	58	Mark	2
548	20	expect	2
1942	72	has made a movie that will leave you wondering about the characters ' lives after the clever credits roll .	3
1147	42	home	2
679	24	of how serious-minded the film is	2
1115	41	of visual charm	3
400	14	off the path of good sense	1
1840	68	It 's like a drive-by .	1
239	8	reading	2
1176	43	frighten and disturb	2
1586	59	swaying	2
660	24	gag	1
1615	60	-LRB- Shakespeare 's -RRB- deepest tragedies	2
413	15	Moonlight Mile , better judgment be damned	2
662	24	occurs about 7 times during Windtalkers is a good indication of how serious-minded the film is .	2
994	36	the heroes of horror movies	2
528	19	The Avengers and The Wild Wild West	2
1025	38	The movie 's progression into rambling incoherence	0
1622	60	tragedies	1
1503	54	silly rather than	1
699	25	from start	2
786	28	'	2
1316	49	subject	2
398	14	throw	2
1639	61	Eric	3
13	1	the adage	2
323	12	his childhood dream	2
1458	53	all the interesting developments	3
1015	37	interested in entertaining itself	3
799	29	appropriate the structure of Arthur Schnitzler 's Reigen	2
1540	58	Mark Pellington 's latest pop thriller	2
956	35	runaway	2
235	8	like a reading from Bartlett 's Familiar Quotations	2
937	34	serve	2
521	19	inept	1
455	16	ultimately winning story	4
1185	43	works spectacularly well ... A shiver-inducing , nerve-rattling ride	4
648	24	That the Chuck Norris `` grenade gag '' occurs about 7 times during Windtalkers is a good indication of how serious-minded the film is .	2
1569	59	Claude Chabrol 's camera has a way of gently swaying back and forth as it cradles its characters , veiling tension beneath otherwise tender movements .	3
1632	61	by James Eric , James Horton and director Peter O'Fallon	2
1896	70	York middle-agers	2
1882	69	its title	2
34	1	the gander , some of which occasionally amuses but none of which amounts to much of a story	1
1801	67	A smart , provocative drama that does the nearly impossible :	4
83	3	Even fans of Ismail Merchant 's work	2
1551	58	as kooky and overeager as it is spooky and subtly in love with myth	3
1891	70	two skittish New York middle-agers	2
1824	67	a man we only know as an evil , monstrous lunatic	2
669	24	7	2
1843	68	like a drive-by	2
697	25	comedy	3
1036	38	gives new meaning	2
102	3	would have a hard time sitting through this one	0
16	1	that what is good for the goose	2
807	29	Arthur	2
135	4	, betrayal , deceit and murder	2
1617	60	Shakespeare 's -RRB-	2
1695	63	lack any intrigue -LRB- other than their funny accents -RRB-	1
357	13	are an absolute joy	3
771	28	be in the theater	2
1651	61	pat it makes your teeth hurt	2
810	29	Reigen	2
1729	64	most	2
140	4	deceit and	2
482	18	dizzily	2
813	30	More vaudeville show than well-constructed narrative , but	2
410	15	still	2
1683	62	ties	2
738	27	exclusively	2
1208	44	about 25 minutes	2
63	1	.	2
194	6	undergoing midlife crisis	2
352	12	just	2
901	33	feel like other movies	2
1466	53	in 60 minutes	2
601	22	offering a case study that exists apart from all the movie 's political ramifications	2
1437	52	strong case	3
167	6	A comedy-drama of nearly epic proportions rooted in a sincere performance by the title character undergoing midlife crisis .	4
157	5	Aggressive self-glorification and a manipulative whitewash .	1
80	2	worth	2
800	29	appropriate the structure	2
1149	42	this French shocker	2
1504	54	silly	3
1428	52	aborted	2
1576	59	has a way of gently swaying back and forth as it cradles its characters , veiling tension beneath otherwise tender movements .	3
381	14	in which extravagant chance can distort our perspective and throw us off the path of good sense	2
530	19	The Avengers	2
796	29	actor	2
1875	69	a love story as sanguine as its title	3
1990	75	of vignettes	2
953	35	the runaway success of his first film , The Full Monty ,	4
178	6	rooted in a sincere performance by the title character undergoing midlife crisis	3
335	12	flick	2
212	7	plodding	1
655	24	`` grenade gag ''	2
1583	59	gently	2
1851	69	many	2
1921	71	has an ambition to say something about its subjects , but not a willingness	2
424	16	A welcome relief from baseball movies that try too hard to be mythic , this one is a sweet and modest and ultimately winning story .	3
190	6	the title character	2
1724	64	thought	2
1039	38	new	3
276	11	's little to recommend Snow Dogs ,	1
384	14	extravagant chance	2
575	22	the oddest of couples	2
393	14	our perspective	2
122	4	positively	3
254	9	n't	2
350	12	remain	2
192	6	title	2
291	11	cliched dialogue and perverse escapism a source of high hilarity	1
830	30	terms	2
802	29	the structure	2
1151	42	French	2
1533	57	Run	2
345	12	of youth	2
182	6	in	2
57	1	to	2
624	23	going to a house party and watching the host defend himself against a frothing ex-girlfriend	1
1736	65	, despite the gratuitous cinematic distractions impressed upon it , is still good fun .	3
505	18	Hong Kong movie	2
108	3	hard time	1
289	11	considers cliched dialogue and perverse escapism a source of high hilarity	2
1993	75	clips	2
1354	50	place	2
761	28	it does n't give us a reason to be in the theater beyond Wilde 's wit and the actors ' performances .	2
1959	72	after the clever credits roll	3
1261	47	tricky and satisfying	3
1904	70	a relationship and	2
229	8	wit it plays like a reading from Bartlett 's Familiar Quotations	2
1296	48	honestly , I do n't see the point	0
692	25	romantic comedy boilerplate from start to finish	2
24	1	for the goose	2
1884	70	A very funny romantic comedy about two skittish New York middle-agers who stumble into a relationship and then	3
1631	61	screenplay	2
1373	51	clunky TV-movie approach	0
1277	47	cinematic	3
1682	62	the ties	2
1861	69	midnight flick	2
451	16	sweet and modest	3
784	28	actors '	2
306	11	hilarity	3
312	12	is Oedekerk 's realization of his childhood dream to be in a martial-arts flick , and proves that sometimes the dreams of youth should remain just that	0
1381	51	detailing	3
719	26	mongrel	1
236	8	like	2
1934	71	but not	2
1357	50	making	2
574	22	make	2
1674	62	offers flickering reminders of the ties that bind us .	3
284	11	Snow	2
402	14	the path of good sense	2
1979	74	rot	1
993	36	the heroes of horror movies try to avoid	1
718	26	mongrel pep	2
1978	74	rot and	2
189	6	the title character undergoing midlife crisis	2
1334	50	Bloody Sunday	2
1101	41	Tartakovsky 's team has some freakish powers of visual charm , but the five writers slip into the modern rut of narrative banality	1
1487	54	a relic from a bygone era , and its convolutions ... feel	2
1239	46	like and more experimental in its storytelling	2
1560	58	is spooky and subtly	3
593	22	the gambles of the publishing world	2
1642	61	director Peter O'Fallon	2
942	34	considerable dash	2
43	1	which	2
1266	47	any of David	2
255	9	leave you with much	2
300	11	a source of high hilarity	3
675	24	a good indication of how serious-minded the film is	3
1516	55	cliche	1
1181	43	then They works spectacularly well ... A shiver-inducing , nerve-rattling ride .	4
1026	38	The movie 's progression	3
737	27	preach	2
1998	75	are still	2
1573	59	Chabrol 's	2
270	10	same	2
1862	69	midnight	2
1014	37	more interested in entertaining itself	1
1369	51	Takes a clunky TV-movie approach to detailing a chapter in the life of the celebrated Irish playwright , poet and drinker .	1
573	22	make the oddest of couples	2
911	33	some glacial pacing	2
1254	46	horrifying for it	2
1807	67	provocative	3
542	20	you 'd expect -- but nothing more	1
974	36	're the unnamed , easily substitutable forces that serve as whatever terror the heroes of horror movies try to avoid	2
1150	42	French shocker	3
258	9	you	2
320	12	Oedekerk	2
1275	47	airless	2
1308	49	has tackled a meaty subject and drawn engaging characters while peppering the pages with memorable zingers	3
1872	69	it 's a love story as sanguine as its title .	2
740	27	the converted	2
502	18	very much	2
1783	66	rewrite designed to garner the film a `` cooler '' PG-13 rating	2
990	36	whatever	1
1111	41	some freakish powers	2
61	1	a story	2
1087	39	on going	2
84	3	Even fans	2
1056	39	Do	2
789	29	latest	2
146	4	a Shakespearean tragedy	1
608	22	exists apart from all the movie 's political ramifications	2
361	13	absolute joy	3
1435	52	a strong case for letting sleeping dogs lie	1
21	1	is	2
1049	38	script error	1
1852	69	things	2
1200	44	This 100-minute movie	2
693	25	romantic comedy boilerplate from start	2
694	25	romantic comedy boilerplate	1
116	3	one	2
1217	45	Fortunately	2
1203	44	only has about 25 minutes of decent material .	1
1339	50	the grace to call for prevention rather than to place blame , making it one of the best war movies ever made	4
430	16	from baseball movies that try too hard to be mythic	1
734	27	preach exclusively to the converted .	1
1933	71	subjects	2
1887	70	very funny	4
1711	63	scenes	2
1356	50	making it one of the best war movies ever made	4
1839	67	lunatic	2
1893	70	skittish New York middle-agers	2
1457	53	all the interesting developments are processed in 60 minutes	2
1529	56	are Oscar-size	3
636	23	the host	2
617	22	political ramifications	2
305	11	high	3
1566	58	love with myth	2
1288	48	the filmmaker would disagree , but ,	2
1242	46	more experimental	3
826	30	on those terms	2
1241	46	more experimental in its storytelling	3
1045	38	` fatal script error	0
78	2	is worth seeking	4
603	22	a case study that exists apart from all the movie 's political ramifications	3
1166	43	If a horror movie 's primary goal is to frighten and disturb	2
1890	70	two skittish New York middle-agers who stumble into a relationship and then	2
1002	36	avoid	0
801	29	appropriate	3
149	4	tragedy	1
1634	61	James Eric , James Horton and	2
1422	52	after	2
1706	63	funny	3
1980	74	hack	1
1410	52	coming down off	2
446	16	is a sweet and modest and ultimately winning story .	4
1230	46	sensational true-crime	4
315	12	is Oedekerk 's realization of his childhood dream to be in a martial-arts flick	2
1660	62	arriving at a particularly dark moment in history , it offers flickering reminders of the ties that bind us .	3
1016	37	interested	3
115	3	this one	2
1052	39	Do n't judge this one too soon - it 's a dark , gritty story but it takes off in totally unexpected directions and keeps on going	2
19	1	what	2
36	1	the gander	2
639	23	defend himself	3
1138	42	Gallo	2
1785	66	designed to garner the film a `` cooler '' PG-13 rating	2
374	14	say about the ways in which extravagant chance can distort our perspective and throw us off the path of good sense	2
283	11	Snow Dogs	2
1454	53	to Williams	2
44	1	occasionally amuses but none of which amounts to much of a story	2
241	8	from	2
405	14	of good sense	3
1061	39	soon	2
576	22	the oddest	2
1465	53	processed	2
1748	65	upon	2
1819	67	under	2
1248	46	-LRB-	1
1694	63	villains	1
1691	63	Its generic villains	2
131	4	all	2
1345	50	call for prevention rather than to place blame	2
1795	66	'' PG-13 rating	2
42	1	of which	2
611	22	apart	2
1081	39	totally unexpected	2
1928	71	to say something about its subjects	2
668	24	7 times	2
818	30	show than well-constructed narrative	3
973	36	're the unnamed , easily substitutable forces that serve as whatever terror the heroes of horror movies try to avoid .	1
1628	61	The screenplay by James Eric , James Horton and director Peter O'Fallon ... is so pat it makes your teeth hurt .	1
742	28	While The Importance of Being Earnest offers opportunities for occasional smiles and chuckles , it does n't give us a reason to be in the theater beyond Wilde 's wit and the actors ' performances .	1
1866	69	gay fantasia	2
1638	61	James	2
701	25	to finish	2
658	24	grenade	1
414	15	Moonlight Mile , better judgment	2
1218	45	, you still have that option .	2
1919	71	it has an ambition to say something about its subjects , but not a willingness .	2
110	3	time	2
833	30	inoffensive and actually rather sweet	3
1818	67	under the skin of a man we only know as an evil , monstrous lunatic	1
638	23	defend himself against a frothing ex-girlfriend	2
1090	40	could young romantics out on a date	3
511	18	despite	2
250	9	does n't leave you with much .	1
6	1	of escapades demonstrating the adage that what is good for the goose	2
372	14	serious	2
364	14	Fresnadillo has something serious to say about the ways in which extravagant chance can distort our perspective and throw us off the path of good sense .	3
166	5	whitewash	2
1040	38	meaning	2
673	24	Windtalkers	2
429	16	relief	2
1858	69	stoner midnight flick ,	2
1687	63	Its generic villains lack any intrigue -LRB- other than their funny accents -RRB- and the action scenes are poorly delivered .	1
1900	70	stumble into a relationship and then	2
1086	39	keeps	2
1163	42	weirdo	2
1752	65	is still	2
1069	39	dark	2
1936	71	a willingness	2
18	1	what is good for the goose	2
1160	42	boy weirdo role	2
486	18	Mr.	2
820	30	than well-constructed narrative	3
1797	66	PG-13	3
498	18	Love -- very much	4
1335	50	Bloody	1
900	33	to feel like other movies	3
890	33	is the first computer-generated feature cartoon to feel like other movies	3
1399	51	poet	2
1659	62	But arriving at a particularly dark moment in history , it offers flickering reminders of the ties that bind us .	3
1981	74	work from start to finish .	3
145	4	a Shakespearean tragedy or	2
1282	48	'm sure the filmmaker would disagree , but , honestly , I do n't see the point .	1
1522	55	it is	3
951	35	followed the runaway success of his first film , The Full Monty ,	3
1215	44	material	2
580	22	in this sense the movie becomes a study of the gambles of the publishing world , offering a case study that exists apart from all the movie 's political ramifications	3
554	21	indie of the year , so far .	3
714	26	impeccable	4
875	32	ends up	2
226	8	thick	2
1174	43	is to frighten and disturb	1
1446	53	Thanks largely to Williams , all the interesting developments are processed in 60 minutes -- the rest is just an overexposed waste of film .	0
274	11	's little to recommend Snow Dogs , unless one considers cliched dialogue and perverse escapism a source of high hilarity .	1
598	22	publishing world	2
1452	53	Thanks	2
453	16	sweet	4
1847	69	is many things -- stoner midnight flick , sci-fi deconstruction , gay fantasia -- but above all	2
1817	67	gets	2
1726	64	than in most ` right-thinking ' films	2
1183	43	They works spectacularly well ... A shiver-inducing , nerve-rattling ride .	4
1863	69	sci-fi deconstruction	2
321	12	realization	2
295	11	cliched	1
1367	50	ever	2
46	1	amuses but none of which amounts to much of a story	2
337	12	proves	2
1404	52	coming down off of Miramax 's deep shelves after a couple of aborted attempts , Waking Up in Reno makes a strong case for letting sleeping dogs lie	1
1502	54	silly rather than plausible	1
1784	66	rewrite	2
275	11	's little to recommend Snow Dogs , unless one considers cliched dialogue and perverse escapism a source of high hilarity	1
1027	38	progression	2
857	32	no , paralyzed	1
522	19	as big-screen remakes of The Avengers and The Wild Wild West	1
29	1	is also good for the gander , some of which occasionally amuses but none of which amounts to much of a story	2
532	19	The Wild Wild West	3
733	27	means	2
1436	52	a strong case	3
1041	38	to the phrase ` fatal script error	1
265	10	hate it	0
859	32	, paralyzed	1
267	10	for the same reason	2
1295	48	disagree	3
866	32	...	2
1946	72	a movie	2
1760	66	is the script 's endless assault of embarrassingly ham-fisted sex jokes that reek of a script rewrite designed to garner the film a `` cooler '' PG-13 rating	0
1234	46	hell-jaunt purists	1
514	18	mainland setting	2
725	26	complications	1
1629	61	The screenplay by James Eric , James Horton and director Peter O'Fallon	2
1842	68	's like a drive-by	1
1972	73	documentary	2
379	14	the ways	2
158	5	Aggressive self-glorification and a manipulative whitewash	0
1451	53	Thanks largely	3
191	6	title character	2
1597	59	its characters	2
223	8	so thick with wit it plays like a reading from Bartlett 's Familiar Quotations	2
251	9	does n't leave you with much	1
1828	67	we	2
1877	69	a love story	2
861	32	by a self-indulgent script	1
1952	72	wondering about the characters ' lives after the clever credits roll	3
71	2	introspective and entertaining	3
1324	49	peppering the pages with memorable zingers	3
1575	59	camera	2
1786	66	designed	2
1552	58	kooky and overeager as it is spooky and subtly in love with myth	3
1244	46	in its storytelling	2
22	1	good for the goose	3
819	30	show	2
366	14	has something serious to say about the ways in which extravagant chance can distort our perspective and throw us off the path of good sense .	3
1619	60	Shakespeare	1
1832	67	as an evil , monstrous lunatic	1
643	23	against	2
934	34	makers	2
421	15	judgment	2
1906	70	relationship	2
1607	59	tender	2
134	4	intrigue	3
4	1	A	2
746	28	The Importance of Being Earnest	3
1007	37	feels	2
127	4	ethnography and all the intrigue , betrayal , deceit and murder	2
10	1	demonstrating the adage that what is good for the goose	2
874	32	ends up sounding like satire	1
1987	75	Plays like a series of vignettes	2
1343	50	call for prevention rather than to place blame , making it one of the best war movies ever made	4
1556	58	overeager	1
408	15	I still like Moonlight Mile , better judgment be damned .	3
837	30	actually	2
285	11	Dogs	2
1679	62	flickering	2
815	30	More vaudeville show than well-constructed narrative	1
1276	47	cinematic shell games	2
661	24	''	2
1705	63	funny accents	2
1054	39	Do n't judge this one too soon	3
1460	53	interesting developments	3
1973	74	Reeks of rot and hack work from start to finish .	2
954	35	the runaway success	4
1588	59	back and	2
242	8	Bartlett 's Familiar Quotations	2
1874	69	's a love story as sanguine as its title	3
976	36	the unnamed , easily substitutable forces that serve as whatever terror the heroes of horror movies try to avoid	1
1165	43	If a horror movie 's primary goal is to frighten and disturb , then They works spectacularly well ... A shiver-inducing , nerve-rattling ride .	4
700	25	start	2
825	30	on those terms it 's inoffensive and actually rather sweet	3
1018	37	entertaining itself	3
1500	54	its convolutions	1
227	8	with wit it plays like a reading from Bartlett 's Familiar Quotations	3
1418	52	deep shelves	2
1240	46	like and	2
177	6	rooted in a sincere performance by the title character undergoing midlife crisis .	4
865	32	script	2
1154	42	playing	2
915	33	early on	2
1697	63	any intrigue -LRB- other than their funny accents -RRB-	2
605	22	case study	2
221	8	Earnest ,	3
1265	47	as any of David	2
1609	60	Transforms one of -LRB- Shakespeare 's -RRB- deepest tragedies into a smart new comedy .	3
1585	59	swaying back and forth	2
849	32	Hampered -- no , paralyzed -- by a self-indulgent script ... that aims for poetry and ends up sounding like satire .	0
1539	58	Mark Pellington 's latest pop thriller is as kooky and overeager as it is spooky and subtly in love with myth .	3
50	1	none of which amounts to much of a story	1
944	34	dash	2
1675	62	offers flickering reminders of the ties that bind us	3
1130	41	modern	2
529	19	The Avengers and	2
1120	41	the five writers	3
1572	59	Claude	3
107	3	a hard time	1
1323	49	while peppering the pages with memorable zingers	3
1070	39	, gritty story	2
541	20	everything	2
1939	72	-LRB- Scherfig -RRB-	2
281	11	recommend Snow Dogs	4
1602	59	beneath otherwise tender movements	3
1548	58	thriller	3
745	28	The Importance of Being Earnest offers opportunities for occasional smiles and chuckles	3
142	4	murder	1
196	6	midlife crisis	1
1938	72	-LRB- Scherfig -RRB- has made a movie that will leave you wondering about the characters ' lives after the clever credits roll .	3
180	6	rooted	3
1117	41	visual	2
1204	44	only	2
933	34	the makers	2
161	5	self-glorification and	1
1066	39	's a dark , gritty story	3
1498	54	bygone	2
1355	50	blame	2
155	4	soap	2
1920	71	has an ambition to say something about its subjects , but not a willingness .	1
568	22	Hatfield and Hicks make the oddest of couples	2
1849	69	many things -- stoner midnight flick , sci-fi deconstruction , gay fantasia --	2
518	19	As inept as big-screen remakes of The Avengers and The Wild Wild West	2
469	17	woman	2
1464	53	processed in 60 minutes	2
852	32	Hampered -- no , paralyzed -- by a self-indulgent script	1
1793	66	cooler '' PG-13 rating	2
1712	63	are poorly delivered	1
1095	40	out on a date	2
1074	39	takes off in totally unexpected directions and keeps on going	2
1827	67	we only know as an evil , monstrous lunatic	1
1518	55	call the film ` refreshing	3
1417	52	Miramax	2
197	6	midlife	2
48	1	but none of which amounts to much of a story	1
1486	54	a relic from a bygone era , and its convolutions ... feel silly rather than plausible	1
708	26	an impeccable pedigree , mongrel pep , and almost indecipherable plot complications	1
1653	61	it makes your teeth hurt	1
586	22	becomes a study of the gambles of the publishing world ,	2
509	18	movie	2
443	16	mythic	2
1468	53	60	2
1989	75	a series of vignettes	2
1881	69	as its title	2
442	16	be mythic	2
881	32	satire	2
256	9	leave you	2
1717	64	The characters	2
1953	72	wondering about the characters ' lives	2
1837	67	monstrous lunatic	2
151	4	a juicy soap opera	3
233	8	plays like a reading from Bartlett 's Familiar Quotations	3
494	18	the Mood	3
1769	66	of embarrassingly ham-fisted sex jokes	1
1188	43	works	2
185	6	sincere	3
1592	59	it cradles its characters , veiling tension beneath otherwise tender movements	2
918	34	There 's very little sense to what 's going on here , but the makers serve up the cliches with considerable dash	1
952	35	followed	2
1507	55	Perhaps it 's cliche to call the film ` refreshing , ' but it is	4
722	26	indecipherable plot complications	1
1855	69	stoner midnight flick , sci-fi deconstruction , gay fantasia	2
463	17	bilingual	2
1806	67	provocative drama	4
1447	53	Thanks largely to Williams , all the interesting developments are processed in 60 minutes -- the rest is just an overexposed waste of film	1
25	1	for	2
303	11	of high hilarity	3
769	28	to be in the theater beyond Wilde 's wit and the actors ' performances	2
94	3	work	2
1126	41	into the modern rut of narrative banality	1
824	30	narrative	2
139	4	deceit and murder	1
1778	66	reek of a script rewrite designed to garner the film a `` cooler '' PG-13 rating	1
1072	39	gritty	3
1512	55	Perhaps	2
65	2	This quiet , introspective and entertaining independent	3
916	33	early	2
1143	42	right at home	3
913	33	glacial	2
765	28	give us	2
216	8	Importance	3
946	35	Cattaneo	2
1212	44	of decent material	2
465	17	just like the woman who inspired it	2
1075	39	takes off in totally unexpected directions and	3
1489	54	relic from a bygone era , and its convolutions ...	1
1398	51	poet and	2
1144	42	right	3
1291	48	the filmmaker would disagree	1
181	6	in a sincere performance	4
1999	75	looking for a common through-line	2
1916	70	fears	1
688	25	The plot	2
1899	70	who stumble into a relationship and then	2
419	15	better judgment	2
499	18	Love --	3
1129	41	modern rut	2
1536	57	your	2
159	5	Aggressive	2
210	7	a plodding mess	1
1332	49	zingers	2
1728	64	in most	2
130	4	all the intrigue , betrayal , deceit and murder	2
298	11	perverse	1
720	26	pep	2
1753	65	good fun	4
176	6	proportions	2
754	28	opportunities	2
939	34	the cliches	1
671	24	during Windtalkers	2
1076	39	takes off in totally unexpected directions	3
1780	66	reek	2
1364	50	war movies	1
579	22	couples	2
1963	72	credits roll	2
1591	59	as it cradles its characters , veiling tension beneath otherwise tender movements	2
1535	57	your lives	2
602	22	offering	2
1661	62	arriving at a particularly dark moment in history	2
308	12	Kung Pow	2
1280	47	games	2
1677	62	flickering reminders of the ties	2
1589	59	back	2
748	28	Being Earnest	2
751	28	offers opportunities for occasional smiles	3
1133	41	narrative banality	1
1838	67	monstrous	1
1756	66	Downright transparent	1
1961	72	clever credits roll	3
558	21	indie	2
333	12	martial-arts flick	2
538	20	's everything you 'd expect -- but nothing more .	1
1668	62	particularly	2
172	6	nearly epic proportions	2
1526	56	lead performances	3
375	14	say	2
1256	46	for it	2
207	7	Day	2
1067	39	a dark , gritty story	2
1342	50	to call for prevention rather than to place blame , making it one of the best war movies ever made	4
1306	49	Jones	2
1738	65	despite the gratuitous cinematic distractions impressed upon it	2
1720	64	are more deeply	2
691	25	is romantic comedy boilerplate from start to finish	3
840	31	Nothing more than a run-of-the-mill action flick .	2
493	18	the Mood for Love -- very much a Hong Kong movie	2
1376	51	TV-movie	2
1514	55	's cliche to call the film ` refreshing	1
814	30	More vaudeville show than well-constructed narrative ,	1
1680	62	reminders	2
1033	38	gives new meaning to the phrase ` fatal script error . '	0
710	26	an impeccable pedigree , mongrel pep , and	2
1192	43	A shiver-inducing , nerve-rattling ride	2
1672	62	, it offers flickering reminders of the ties that bind us .	2
1982	74	work from start to finish	2
1949	72	will	2
356	13	are an absolute joy .	4
1718	64	are more deeply thought through than in most ` right-thinking ' films .	2
1966	73	-LRB- An -RRB- absorbing documentary .	3
1346	50	call	2
1020	37	than in amusing us	2
1453	53	largely	2
247	8	Quotations	2
704	26	arrives with an impeccable pedigree , mongrel pep , and almost indecipherable plot complications .	2
844	31	a run-of-the-mill action	2
1159	42	bad	0
501	18	--	2
1759	66	is the script 's endless assault of embarrassingly ham-fisted sex jokes that reek of a script rewrite designed to garner the film a `` cooler '' PG-13 rating .	0
1362	50	the best war movies	3
640	23	defend	2
1834	67	evil , monstrous lunatic	1
970	35	different	2
1505	54	plausible	2
711	26	an impeccable pedigree , mongrel pep ,	2
1579	59	a way	2
1442	52	sleeping dogs lie	2
634	23	watching	2
1330	49	memorable zingers	3
213	7	mess	1
1574	59	Chabrol	2
546	20	expect -- but nothing	2
1905	70	a relationship	2
1105	41	Tartakovsky 's team	2
1565	58	in love with myth	3
1377	51	approach	2
1725	64	through than in most ` right-thinking ' films	3
1618	60	Shakespeare 's	2
1763	66	the script 's endless assault	1
842	31	more than a run-of-the-mill action	3
876	32	ends	2
503	18	very	2
1394	51	playwright , poet and drinker	2
1162	42	weirdo role	2
1646	61	O'Fallon	2
758	28	smiles	2
202	7	Trouble Every Day is a plodding mess .	0
1030	38	rambling incoherence	1
1401	52	Finally coming down off of Miramax 's deep shelves after a couple of aborted attempts , Waking Up in Reno makes a strong case for letting sleeping dogs lie .	2
201	7	, Trouble Every Day is a plodding mess .	1
349	12	remain just that	2
1663	62	at a particularly dark moment in history	2
450	16	a sweet and modest	4
1600	59	veiling	2
1771	66	embarrassingly ham-fisted	1
625	23	going to a house party and	2
544	20	'd	2
795	29	actor 's	2
112	3	sitting	2
1078	39	takes	2
1307	49	has tackled a meaty subject and drawn engaging characters while peppering the pages with memorable zingers .	4
1744	65	distractions	1
1001	36	to avoid	1
1788	66	garner the film a `` cooler '' PG-13 rating	3
984	36	substitutable	1
1077	39	takes off	2
782	28	the actors ' performances	2
96	3	, I suspect ,	2
174	6	nearly	2
1311	49	tackled a meaty subject	3
678	24	indication	2
543	20	'd expect -- but nothing more	2
45	1	occasionally	2
1423	52	a couple of aborted attempts	1
540	20	everything you 'd expect -- but nothing more	1
618	22	political	2
1810	67	does the nearly impossible	4
726	27	A film that clearly means to preach exclusively to the converted .	2
26	1	the goose	2
354	13	The performances	2
1776	66	jokes	2
768	28	reason to be in the theater beyond Wilde 's wit and the actors ' performances	2
1386	51	the life	2
909	33	makes	2
101	3	would have a hard time sitting through this one .	1
317	12	Oedekerk 's realization of his childhood dream	2
1344	50	call for prevention rather than to place blame ,	2
620	23	It 's like going to a house party and watching the host defend himself against a frothing ex-girlfriend .	1
651	24	Chuck Norris `` grenade gag ''	2
1167	43	a horror movie 's primary goal is to frighten and disturb	2
53	1	which amounts to much of a story	2
785	28	actors	2
97	3	I suspect ,	2
755	28	for occasional smiles	3
851	32	Hampered -- no , paralyzed -- by a self-indulgent script ...	1
759	28	chuckles	1
1274	47	airless cinematic shell games	2
123	4	thrilling combination	3
1340	50	grace to call for prevention rather than to place blame , making it one of the best war movies ever made	4
1322	49	characters	2
89	3	Ismail Merchant 's	2
477	18	a less dizzily gorgeous companion	2
331	12	in a martial-arts flick	2
619	22	ramifications	2
1032	38	incoherence	1
187	6	by the title character undergoing midlife crisis	2
835	30	inoffensive and	2
766	28	give	3
1755	66	Downright transparent is the script 's endless assault of embarrassingly ham-fisted sex jokes that reek of a script rewrite designed to garner the film a `` cooler '' PG-13 rating .	0
1350	50	prevention	2
497	18	Love -- very much a Hong Kong movie	3
460	17	a bilingual charmer ,	3
557	21	indie of the year	3
1470	53	the rest	2
1811	67	the nearly impossible	2
1848	69	is many things -- stoner midnight flick , sci-fi deconstruction , gay fantasia --	1
1658	61	hurt	1
314	12	is Oedekerk 's realization of his childhood dream to be in a martial-arts flick ,	2
1270	47	Mamet 's airless cinematic shell games .	3
757	28	occasional	2
390	14	distort our perspective and	2
30	1	is also	2
1914	70	fears and foibles	2
378	14	the ways in which extravagant chance can distort our perspective and throw us off the path of good sense	1
457	16	winning story	3
79	2	is worth	2
1878	69	love story	2
1425	52	couple	2
1444	52	sleeping	2
1860	69	stoner	2
1419	52	deep	2
85	3	Even	2
1508	55	Perhaps it 's cliche to call the film ` refreshing , ' but	3
1774	66	sex jokes	2
1370	51	Takes a clunky TV-movie approach to detailing a chapter in the life of the celebrated Irish playwright , poet and drinker	1
1733	64	' films	2
1405	52	coming down off of Miramax 's deep shelves after a couple of aborted attempts , Waking Up in Reno makes	1
1482	54	Comes across	2
524	19	big-screen remakes	2
523	19	big-screen remakes of The Avengers and The Wild Wild West	2
1003	37	It almost feels as if the movie is more interested in entertaining itself than in amusing us .	1
1043	38	phrase ` fatal script error	1
343	12	the dreams	2
485	18	to Mr.	2
271	10	reason	2
1092	40	young romantics	4
438	16	too hard to be mythic	1
895	33	computer-generated feature cartoon	2
1951	72	you wondering about the characters ' lives after the clever credits roll	4
536	19	West	2
846	31	run-of-the-mill	1
1758	66	transparent	2
1798	66	rating	2
1762	66	the script 's endless assault of embarrassingly ham-fisted sex jokes	1
339	12	sometimes the dreams of youth should remain just that	1
435	16	that try too hard to be mythic	1
836	30	inoffensive	1
1515	55	cliche to call the film ` refreshing	2
1472	53	is just an overexposed waste of film	0
793	29	vapid	1
369	14	something serious to say about the ways in which extravagant chance can distort our perspective and throw us off the path of good sense	3
893	33	first computer-generated feature cartoon	3
1922	71	an ambition to say something about its subjects , but not a willingness	2
1707	63	accents	2
794	29	actor 's exercise	2
1541	58	Mark Pellington 's	2
906	33	that makes for some glacial pacing early on	2
1543	58	Pellington 's	2
1064	39	it 's a dark , gritty story but	3
1719	64	are more deeply thought through than in most ` right-thinking ' films	3
696	25	comedy boilerplate	2
1319	49	drawn	2
69	2	quiet	2
565	22	Hatfield and Hicks make the oddest of couples , and in this sense the movie becomes a study of the gambles of the publishing world , offering a case study that exists apart from all the movie 's political ramifications	3
912	33	glacial pacing	2
1925	71	an ambition to say something about its subjects	2
1802	67	A smart , provocative drama that does the nearly impossible	4
471	17	who	2
581	22	in this sense	2
613	22	all the movie 's political ramifications	2
927	34	what 's going on here	1
222	8	Earnest	3
1901	70	stumble	2
610	22	exists	2
1333	50	Bloody Sunday has the grace to call for prevention rather than to place blame , making it one of the best war movies ever made .	4
225	8	thick with wit it plays like a reading from Bartlett 's Familiar Quotations	3
1301	48	see the point	2
299	11	escapism	2
773	28	the theater	2
1118	41	charm	3
310	12	Pow	3
775	28	beyond Wilde 's wit and the actors ' performances	2
170	6	comedy-drama	2
103	3	would	2
903	33	like other movies	2
1621	60	deepest	2
1889	70	about two skittish New York middle-agers who stumble into a relationship and then	2
1368	50	made	2
838	30	rather sweet	3
1258	47	As tricky and satisfying as any of David Mamet 's airless cinematic shell games .	3
615	22	the movie 's	2
1471	53	rest	2
527	19	of The Avengers and The Wild Wild West	2
1083	39	unexpected	2
957	35	success	3
37	1	gander	2
513	18	its	2
690	25	is romantic comedy boilerplate from start to finish .	2
1089	40	could young romantics out on a date .	2
763	28	does n't give us a reason to be in the theater beyond Wilde 's wit and the actors ' performances	1
406	14	good sense	3
1059	39	judge	2
1387	51	life	3
560	21	the year	2
1975	74	Reeks	1
7	1	of	2
1650	61	so pat it makes your teeth hurt	1
1740	65	the gratuitous cinematic distractions	1
963	35	first film	2
1626	60	smart	4
385	14	extravagant	4
1096	40	out	1
1640	61	James Horton	2
238	8	a reading	2
1325	49	peppering the pages	2
380	14	ways	2
631	23	house	2
1365	50	war	1
923	34	very little sense to what 's going on here	1
1461	53	interesting	3
319	12	Oedekerk 's	2
508	18	Kong	2
1532	57	Run for your lives	0
234	8	plays	2
1782	66	a script	2
1867	69	gay	2
553	21	Best	4
371	14	serious to say about the ways in which extravagant chance can distort our perspective and throw us off the path of good sense	2
92	3	Merchant	2
680	24	how serious-minded the film is	3
1397	51	poet and drinker	2
1537	57	lives	2
804	29	of Arthur Schnitzler 's Reigen	2
721	26	almost	2
545	20	expect -- but nothing more	2
52	1	of which amounts to much of a story	2
928	34	's going on here	2
1770	66	embarrassingly ham-fisted sex jokes	0
955	35	runaway success	3
896	33	computer-generated	2
1047	38	fatal script error	0
1977	74	rot and hack	1
831	30	it 's inoffensive and actually rather sweet	3
1945	72	a movie that will leave you wondering about the characters ' lives after the clever credits roll	3
1903	70	a relationship and then	2
594	22	the gambles	2
1577	59	has a way of gently swaying back and forth as it cradles its characters , veiling tension beneath otherwise tender movements	3
1497	54	bygone era	2
1813	67	impossible	0
1227	46	the sensational true-crime hell-jaunt purists might like and more experimental in its storytelling -LRB- though no less horrifying for it -RRB-	4
326	12	childhood	2
1902	70	into a relationship and then	2
72	2	introspective and	3
391	14	distort our perspective	2
316	12	Oedekerk 's realization of his childhood dream to be in a martial-arts flick	2
367	14	has something serious to say about the ways in which extravagant chance can distort our perspective and throw us off the path of good sense	3
1383	51	chapter	2
307	12	Kung Pow is Oedekerk 's realization of his childhood dream to be in a martial-arts flick , and proves that sometimes the dreams of youth should remain just that .	1
1527	56	lead	2
133	4	intrigue , betrayal , deceit and murder	2
1481	54	Comes across as a relic from a bygone era , and its convolutions ... feel silly rather than plausible	1
204	7	Trouble	1
1578	59	a way of gently swaying back and forth as it cradles its characters , veiling tension beneath otherwise tender movements	3
1876	69	a love story as sanguine	1
1950	72	leave you wondering about the characters ' lives after the clever credits roll	2
791	29	vapid actor 's exercise to appropriate the structure of Arthur Schnitzler 's Reigen	1
439	16	too	2
1412	52	down off	2
1703	63	their funny accents	2
882	33	Ice Age is the first computer-generated feature cartoon to feel like other movies , and that makes for some glacial pacing early on .	2
590	22	a study	2
1182	43	then	2
292	11	cliched dialogue and perverse escapism	1
1869	69	but above all	2
